task_id,sonnet_C,sonnet_C_ir,gpt_C,gpt_C_ir,gemini_C,gemini_C_ir,consensus_C,consensus_C_method,sonnet_D,sonnet_D_ir,gpt_D,gpt_D_ir,gemini_D,gemini_D_ir,consensus_D,consensus_D_method,sonnet_R,sonnet_R_ir,gpt_R,gpt_R_ir,gemini_R,gemini_R_ir,consensus_R,consensus_R_method,dispute_axes
10054,C1,C1,C1,C1,C1,C1,C1,unanimous,D3,D3,D3,D3,D3,D2,D3,unanimous,R1,R1,R0,R0,R2,R2,,3way_split,R
10304-1,C2,C2,C2,C2,C2,C2,C2,unanimous,D3,D3,D2,D2,D0,D0,,3way_split,R0,R0,R0,R0,R0,R0,R0,unanimous,D
10491-1,C2,C2,C2,C2,C2,C2,C2,unanimous,D1,D1,D1,D1,D1,D1,D1,unanimous,R0,R0,R1,R1,R2,R2,,3way_split,R
10491-2,C1,C1,C1,C1,C1,C1,C1,unanimous,D0,D0,D0,D0,D0,D0,D0,unanimous,R0,R0,R1,R1,R2,R2,,3way_split,R
10604,C1,C1,C1,C1,C1,C1,C1,unanimous,D0,D0,D0,D0,D0,D0,D0,unanimous,R2,R2,R0,R0,R3,R3,,3way_split,R
10616,C1,C1,C1,C1,C1,C1,C1,unanimous,D1,D1,D1,D1,D1,D1,D1,unanimous,R1,R2,R0,R0,R2,R2,,3way_split,R
10619,C1,C1,C1,C1,C1,C1,C1,unanimous,D0,D0,D0,D0,D0,D0,D0,unanimous,R1,R2,R0,R0,R2,R2,,3way_split,R
10620,C1,C1,C1,C1,C1,C1,C1,unanimous,D0,D0,D0,D0,D0,D0,D0,unanimous,R1,R2,R0,R0,R2,R2,,3way_split,R
10621,C1,C1,C1,C1,C1,C1,C1,unanimous,D0,D0,D0,D0,D0,D0,D0,unanimous,R1,R2,R0,R0,R2,R2,,3way_split,R
10623,C1,C1,C1,C1,C1,C1,C1,unanimous,D0,D0,D0,D0,D0,D0,D0,unanimous,R1,R2,R0,R0,R2,R2,,3way_split,R
10703,C1,C1,C1,C1,C1,C2,C1,unanimous,D0,D0,D0,D0,D0,D0,D0,unanimous,R1,R2,R0,R0,R2,R3,,3way_split,R
10730,C1,C1,C1,C1,C1,C0,C1,unanimous,D1,D1,D1,D1,D2,D2,D1,majority,R2,R2,R1,R1,R3,R3,,3way_split,R
10773,C1,C1,C1,C1,C1,C2,C1,unanimous,D4,D3,D3,D3,D3,D4,D3,majority,R2,R0,R3,R0,R0,R3,,3way_split,R
11111,C1,C1,C1,C1,C1,C1,C1,unanimous,D1,D1,D2,D2,D3,D3,,3way_split,R3,R1,R3,R1,R3,R3,R3,unanimous,D
11114,C1,C1,C1,C2,C1,C1,C1,unanimous,D1,D1,D1,D1,D1,D1,D1,unanimous,R2,R2,R1,R1,R3,R3,,3way_split,R
11115-1,C2,C2,C2,C2,C2,C2,C2,unanimous,D1,D1,D1,D1,D1,D1,D1,unanimous,R2,R2,R1,R1,R3,R3,,3way_split,R
11122-1,C1,C1,C1,C1,C1,C1,C1,unanimous,D1,D3,D2,D2,D3,D1,,3way_split,R1,R1,R1,R1,R3,R3,R1,majority,D
11308,C2,C2,C2,C2,C2,C2,C2,unanimous,D0,D0,D0,D0,D0,D0,D0,unanimous,R0,R1,R1,R0,R2,R2,,3way_split,R
11434,C2,C2,C2,C2,C2,C2,C2,unanimous,D1,D1,D2,D2,D3,D3,,3way_split,R2,R1,R2,R2,R2,R2,R2,unanimous,D
11545,C1,C1,C1,C1,C1,C1,C1,unanimous,D2,D2,D1,D1,D3,D1,,3way_split,R0,R0,R0,R0,R0,R2,R0,unanimous,D
11750-1,C1,C1,C1,C1,C1,C1,C1,unanimous,D3,D3,D3,D3,D3,D3,D3,unanimous,R1,R1,R2,R2,R3,R3,,3way_split,R
11753-1,C1,C1,C1,C1,C1,C1,C1,unanimous,D3,D3,D3,D3,D3,D3,D3,unanimous,R1,R1,R0,R0,R3,R3,,3way_split,R
11758,C1,C1,C1,C2,C1,C1,C1,unanimous,D3,D3,D3,D3,D3,D3,D3,unanimous,R2,R1,R1,R1,R3,R3,,3way_split,R
11763-1,C1,C1,C2,C2,C1,C2,C1,majority,D1,D1,D1,D1,D1,D1,D1,unanimous,R1,R0,R0,R1,R3,R3,,3way_split,R
11763-2,C2,C1,C2,C2,C2,C2,C2,unanimous,D1,D1,D1,D1,D1,D0,D1,unanimous,R1,R0,R0,R1,R3,R3,,3way_split,R
11828,C1,C1,C1,C1,C1,C1,C1,unanimous,D3,D3,D3,D3,D3,D3,D3,unanimous,R1,R1,R2,R2,R0,R0,,3way_split,R
11833,C1,C1,C1,C1,C1,C1,C1,unanimous,D3,D3,D3,D3,D3,D3,D3,unanimous,R1,R1,R2,R2,R0,R0,,3way_split,R
12318,C1,C1,C1,C1,C1,C1,C1,unanimous,D2,D2,D2,D0,D2,D1,D2,unanimous,R1,R2,R2,R1,R3,R3,,3way_split,R
12329-2,C1,C1,C1,C1,C1,C1,C1,unanimous,D1,D1,D1,D1,D1,D1,D1,unanimous,R1,R2,R0,R0,R2,R2,,3way_split,R
12784,C1,C1,C1,C0,C1,C1,C1,unanimous,D3,D3,D3,D3,D3,D3,D3,unanimous,R1,R1,R0,R0,R3,R3,,3way_split,R
12806-1,C2,C1,C2,C2,C2,C2,C2,unanimous,D3,D3,D3,D3,D3,D3,D3,unanimous,R0,R0,R1,R1,R2,R2,,3way_split,R
12945,C2,C1,C3,C3,C1,C1,,3way_split,D2,D2,D2,D3,D3,D2,D2,majority,R3,R3,R3,R2,R3,R0,R3,unanimous,C
134,C1,C1,C1,C1,C1,C1,C1,unanimous,D0,D0,D0,D0,D0,D0,D0,unanimous,R1,R0,R0,R0,R2,R2,,3way_split,R
136,C2,C2,C2,C3,C2,C3,C2,unanimous,D0,D0,D0,D0,D0,D0,D0,unanimous,R1,R0,R0,R0,R2,R2,,3way_split,R
1366-1,C2,C3,C2,C2,C2,C2,C2,unanimous,D0,D0,D0,D0,D0,D0,D0,unanimous,R1,R1,R0,R0,R2,R2,,3way_split,R
1369,C3,C3,C3,C3,C3,C3,C3,unanimous,D0,D0,D0,D0,D0,D0,D0,unanimous,R1,R0,R0,R1,R2,R2,,3way_split,R
1377,C3,C3,C2,C2,C3,C3,C3,majority,D1,D0,D1,D1,D1,D1,D1,unanimous,R1,R0,R0,R0,R2,R2,,3way_split,R
138,C2,C2,C2,C2,C2,C2,C2,unanimous,D0,D0,D0,D0,D0,D0,D0,unanimous,R1,R0,R0,R0,R2,R2,,3way_split,R
13832,C1,C1,C1,C1,C1,C1,C1,unanimous,D3,D2,D2,D2,D3,D3,D3,majority,R1,R0,R3,R0,R2,R3,,3way_split,R
13880-2,C2,C2,C2,C1,C2,C1,C2,unanimous,D1,D1,D3,D3,D3,D3,D3,majority,R0,R1,R1,R0,R2,R2,,3way_split,R
14066-1,C2,C2,C2,C2,C2,C2,C2,unanimous,D1,D1,D2,D2,D3,D3,,3way_split,R0,R0,R0,R0,R0,R0,R0,unanimous,D
14463,C1,C1,C1,C1,C1,C1,C1,unanimous,D1,D1,D1,D1,D1,D1,D1,unanimous,R2,R1,R1,R1,R3,R3,,3way_split,R
14819,C1,C2,C1,C2,C1,C1,C1,unanimous,D0,D0,D0,D0,D0,D0,D0,unanimous,R1,R1,R0,R0,R2,R2,,3way_split,R
14866,C3,C3,C3,C2,C3,C3,C3,unanimous,D0,D1,D0,D0,D1,D0,D0,majority,R1,R1,R0,R0,R2,R2,,3way_split,R
1494,C2,C2,C2,C2,C2,C2,C2,unanimous,D1,D3,D2,D2,D3,D0,,3way_split,R0,R1,R0,R0,R0,R0,R0,unanimous,D
15250-2,C2,C2,C2,C2,C2,C3,C2,unanimous,D0,D1,D1,D0,D3,D0,,3way_split,R1,R1,R2,R2,R2,R2,R2,majority,D
15282,C2,C3,C2,C2,C3,C3,C2,majority,D0,D0,D1,D1,D1,D0,D1,majority,R1,R0,R0,R3,R3,R2,,3way_split,R
15421,C2,C2,C2,C2,C2,C2,C2,unanimous,D0,D0,D0,D0,D0,D0,D0,unanimous,R1,R0,R0,R1,R2,R2,,3way_split,R
1544-1,C2,C2,C2,C2,C2,C2,C2,unanimous,D0,D0,D1,D2,D2,D1,,3way_split,R0,R1,R0,R0,R0,R2,R0,unanimous,D
15442,C3,C3,C2,C2,C3,C3,C3,majority,D0,D0,D0,D0,D0,D0,D0,unanimous,R1,R1,R0,R0,R2,R2,,3way_split,R
15476,C3,C3,C3,C2,C3,C3,C3,unanimous,D1,D1,D1,D1,D1,D1,D1,unanimous,R1,R2,R2,R1,R0,R0,,3way_split,R
15571,C3,C3,C3,C3,C3,C4,C3,unanimous,D0,D0,D2,D2,D0,D0,D0,majority,R1,R1,R2,R2,R0,R0,,3way_split,R
15606-1,C1,C1,C1,C1,C1,C1,C1,unanimous,D0,D0,D0,D0,D0,D0,D0,unanimous,R1,R1,R2,R2,R0,R0,,3way_split,R
15607-1,C1,C1,C1,C1,C1,C1,C1,unanimous,D0,D0,D0,D0,D0,D0,D0,unanimous,R1,R1,R2,R2,R0,R0,,3way_split,R
15627,C3,C3,C3,C2,C3,C3,C3,unanimous,D0,D0,D3,D3,D1,D0,,3way_split,R2,R1,R2,R2,R2,R2,R2,unanimous,D
15672,C2,C2,C2,C2,C2,C2,C2,unanimous,D0,D0,D0,D0,D0,D0,D0,unanimous,R1,R3,R3,R0,R0,R0,,3way_split,R
15712,C2,C2,C2,C2,C2,C2,C2,unanimous,D0,D1,D1,D0,D3,D3,,3way_split,R0,R0,R0,R0,R0,R0,R0,unanimous,D
15808-1,C2,C2,C2,C2,C2,C2,C2,unanimous,D1,D1,D1,D1,D1,D1,D1,unanimous,R1,R0,R2,R1,R0,R2,,3way_split,R
15808-2,C2,C2,C2,C2,C2,C2,C2,unanimous,D1,D1,D1,D1,D1,D1,D1,unanimous,R1,R0,R2,R1,R0,R2,,3way_split,R
16069-2,C2,C2,C2,C2,C2,C2,C2,unanimous,D0,D0,D0,D0,D0,D0,D0,unanimous,R0,R0,R1,R0,R2,R2,,3way_split,R
16075,C2,C2,C2,C2,C2,C1,C2,unanimous,D0,D0,D0,D0,D0,D0,D0,unanimous,R0,R1,R1,R0,R2,R2,,3way_split,R
16221,C1,C1,C1,C1,C1,C1,C1,unanimous,D0,D0,D2,D0,D1,D1,,3way_split,R0,R0,R0,R0,R0,R0,R0,unanimous,D
16280,C2,C2,C2,C2,C2,C1,C2,unanimous,D0,D0,D0,D0,D0,D0,D0,unanimous,R0,R0,R1,R1,R2,R2,,3way_split,R
16310,C2,C2,C3,C3,C3,C3,C3,majority,D0,D0,D0,D0,D0,D0,D0,unanimous,R1,R2,R0,R0,R2,R2,,3way_split,R
16311,C2,C2,C2,C2,C2,C3,C2,unanimous,D0,D0,D0,D0,D0,D0,D0,unanimous,R1,R1,R0,R0,R2,R2,,3way_split,R
16315,C1,C1,C1,C2,C1,C1,C1,unanimous,D2,D2,D2,D2,D3,D3,D2,majority,R1,R1,R0,R0,R2,R2,,3way_split,R
16316,C2,C2,C2,C1,C2,C2,C2,unanimous,D1,D1,D1,D1,D1,D1,D1,unanimous,R1,R2,R0,R0,R2,R2,,3way_split,R
16320,C2,C2,C2,C2,C2,C2,C2,unanimous,D0,D0,D0,D0,D0,D0,D0,unanimous,R1,R2,R0,R0,R2,R2,,3way_split,R
16323,C3,C3,C3,C3,C3,C3,C3,unanimous,D0,D0,D0,D0,D0,D0,D0,unanimous,R1,R2,R0,R0,R2,R2,,3way_split,R
16342,C3,C3,C3,C3,C3,C2,C3,unanimous,D0,D0,D0,D0,D0,D0,D0,unanimous,R1,R2,R0,R0,R2,R1,,3way_split,R
16343,C3,C3,C3,C3,C3,C3,C3,unanimous,D0,D0,D0,D0,D0,D0,D0,unanimous,R1,R2,R0,R0,R2,R1,,3way_split,R
16344,C3,C3,C3,C3,C2,C2,C3,majority,D0,D0,D0,D0,D0,D0,D0,unanimous,R2,R2,R0,R0,R1,R1,,3way_split,R
16345,C3,C3,C3,C3,C2,C2,C3,majority,D0,D0,D0,D0,D0,D0,D0,unanimous,R2,R2,R0,R0,R1,R1,,3way_split,R
16346,C3,C3,C3,C3,C3,C2,C3,unanimous,D0,D0,D0,D0,D0,D0,D0,unanimous,R2,R2,R0,R0,R1,R1,,3way_split,R
16347,C3,C3,C3,C3,C2,C2,C3,majority,D0,D0,D0,D0,D0,D0,D0,unanimous,R2,R2,R0,R0,R1,R1,,3way_split,R
16348,C3,C3,C3,C3,C3,C2,C3,unanimous,D0,D0,D0,D0,D0,D0,D0,unanimous,R2,R2,R0,R0,R1,R1,,3way_split,R
16349,C3,C3,C3,C3,C3,C2,C3,unanimous,D0,D0,D0,D0,D0,D0,D0,unanimous,R2,R2,R0,R0,R1,R1,,3way_split,R
16732-1,C1,C1,C1,C1,C1,C1,C1,unanimous,D2,D2,D2,D2,D2,D2,D2,unanimous,R0,R1,R1,R0,R2,R2,,3way_split,R
16732-2,C1,C1,C1,C1,C1,C1,C1,unanimous,D2,D2,D2,D2,D2,D2,D2,unanimous,R0,R1,R1,R0,R2,R2,,3way_split,R
16833,C1,C1,C1,C1,C1,C1,C1,unanimous,D2,D2,D2,D2,D2,D2,D2,unanimous,R2,R1,R1,R1,R0,R2,,3way_split,R
17116,C3,C3,C3,C3,C3,C3,C3,unanimous,D0,D0,D0,D0,D0,D0,D0,unanimous,R1,R2,R0,R0,R2,R1,,3way_split,R
17212-2,C2,C2,C1,C1,C2,C2,C2,majority,D0,D0,D0,D0,D0,D0,D0,unanimous,R1,R2,R0,R0,R2,R2,,3way_split,R
17354,C2,C2,C2,C2,C2,C1,C2,unanimous,D1,D1,D2,D2,D3,D3,,3way_split,R2,R2,R2,R2,R2,R2,R2,unanimous,D
17542,C2,C3,C2,C2,C3,C3,C2,majority,D0,D0,D0,D0,D0,D0,D0,unanimous,R0,R0,R1,R0,R2,R2,,3way_split,R
17543,C2,C3,C2,C2,C3,C2,C2,majority,D0,D0,D0,D0,D0,D0,D0,unanimous,R0,R0,R1,R0,R2,R2,,3way_split,R
17546,C2,C2,C2,C2,C2,C2,C2,unanimous,D0,D0,D0,D0,D0,D0,D0,unanimous,R0,R0,R1,R1,R2,R2,,3way_split,R
17547-1,C2,C2,C2,C2,C2,C2,C2,unanimous,D0,D0,D0,D1,D0,D1,D0,unanimous,R0,R0,R1,R1,R2,R2,,3way_split,R
17547-2,C1,C2,C1,C1,C2,C2,C1,majority,D1,D3,D1,D1,D3,D1,D1,majority,R1,R1,R3,R1,R2,R2,,3way_split,R
17548-1,C2,C2,C2,C2,C2,C2,C2,unanimous,D0,D0,D1,D1,D1,D1,D1,majority,R0,R0,R1,R1,R2,R2,,3way_split,R
17549-1,C2,C2,C2,C2,C2,C2,C2,unanimous,D0,D0,D0,D0,D0,D0,D0,unanimous,R0,R0,R1,R1,R2,R2,,3way_split,R
17549-2,C2,C2,C2,C1,C2,C2,C2,unanimous,D0,D0,D0,D0,D0,D0,D0,unanimous,R0,R0,R1,R1,R2,R2,,3way_split,R
17550,C2,C2,C2,C2,C2,C2,C2,unanimous,D0,D0,D0,D0,D0,D0,D0,unanimous,R0,R0,R1,R0,R2,R2,,3way_split,R
17552,C2,C2,C2,C2,C2,C2,C2,unanimous,D0,D0,D0,D0,D0,D0,D0,unanimous,R0,R0,R1,R0,R2,R2,,3way_split,R
17554,C2,C3,C2,C2,C3,C2,C2,majority,D0,D0,D0,D0,D0,D0,D0,unanimous,R0,R0,R1,R1,R2,R2,,3way_split,R
17555,C2,C2,C2,C2,C2,C2,C2,unanimous,D0,D0,D0,D0,D0,D0,D0,unanimous,R0,R0,R1,R0,R2,R2,,3way_split,R
17556,C2,C2,C2,C2,C2,C2,C2,unanimous,D0,D0,D0,D0,D0,D0,D0,unanimous,R0,R0,R1,R1,R2,R2,,3way_split,R
17662,C2,C2,C2,C3,C2,C2,C2,unanimous,D0,D0,D0,D0,D0,D0,D0,unanimous,R1,R1,R2,R2,R0,R0,,3way_split,R
17817-1,C2,C2,C2,C2,C2,C2,C2,unanimous,D1,D1,D1,D0,D1,D1,D1,unanimous,R0,R0,R1,R0,R2,R2,,3way_split,R
17817-2,C2,C2,C2,C2,C2,C2,C2,unanimous,D1,D1,D1,D0,D1,D1,D1,unanimous,R0,R0,R1,R0,R2,R2,,3way_split,R
17836-1,C2,C2,C2,C2,C2,C2,C2,unanimous,D3,D3,D3,D3,D3,D3,D3,unanimous,R2,R0,R1,R2,R0,R2,,3way_split,R
17836-2,C2,C1,C2,C2,C1,C2,C2,majority,D3,D3,D3,D3,D3,D3,D3,unanimous,R2,R0,R1,R2,R0,R2,,3way_split,R
17859,C1,C1,C1,C2,C1,C1,C1,unanimous,D2,D2,D2,D2,D2,D2,D2,unanimous,R0,R0,R1,R1,R2,R2,,3way_split,R
17901,C1,C1,C1,C1,C1,C1,C1,unanimous,D2,D2,D2,D2,D2,D2,D2,unanimous,R1,R1,R0,R0,R2,R2,,3way_split,R
17926,C1,C1,C1,C1,C1,C1,C1,unanimous,D2,D2,D2,D2,D3,D3,D2,majority,R1,R1,R2,R2,R0,R0,,3way_split,R
18141,C1,C1,C1,C1,C1,C2,C1,unanimous,D0,D0,D0,D0,D0,D0,D0,unanimous,R2,R0,R0,R0,R1,R2,,3way_split,R
18322,C4,C2,C3,C3,C2,C4,,3way_split,D0,D0,D0,D0,D0,D0,D0,unanimous,R0,R0,R0,R0,R0,R0,R0,unanimous,C
18364-2,C3,C3,C1,C1,C2,C1,,3way_split,D3,D3,D3,D3,D3,D3,D3,unanimous,R3,R3,R3,R3,R3,R3,R3,unanimous,C
1837-1,C1,C1,C1,R1,C1,C1,C1,unanimous,D0,D0,D0,C1,D0,D0,D0,unanimous,R2,R1,R1,D0,R3,R3,,3way_split,R
18372,C1,C1,C1,C1,C1,C1,C1,unanimous,D2,D2,D2,D2,D2,D2,D2,unanimous,R0,R1,R1,R0,R2,R2,,3way_split,R
18421,C1,C1,C1,C1,C1,C1,C1,unanimous,D0,D0,D0,D0,D0,D0,D0,unanimous,R1,R0,R0,R1,R3,R3,,3way_split,R
18439,C1,C1,C1,C1,C1,C1,C1,unanimous,D2,D2,D1,D1,D3,D3,,3way_split,R1,R1,R1,R1,R1,R1,R1,unanimous,D
18486-2,C2,C2,C2,C2,C2,C2,C2,unanimous,D0,D1,D0,D0,D0,D0,D0,unanimous,R2,R1,R1,R2,R0,R1,,3way_split,R
1851-1,C1,C1,C1,C1,C1,C1,C1,unanimous,D2,D2,D2,D2,D2,D2,D2,unanimous,R1,R1,R0,R0,R2,R2,,3way_split,R
18718-1,C1,C1,C1,C1,C1,C1,C1,unanimous,D3,D3,D3,D2,D3,D3,D3,unanimous,R0,R0,R1,R0,R3,R3,,3way_split,R
18846-1,C1,C1,C1,C1,C1,C1,C1,unanimous,D0,D0,D0,D0,D0,D0,D0,unanimous,R0,R2,R2,R0,R3,R3,,3way_split,R
18846-2,C1,C1,C1,C1,C1,C1,C1,unanimous,D0,D0,D0,D0,D0,D0,D0,unanimous,R0,R2,R2,R0,R3,R3,,3way_split,R
18948,C2,C2,C2,C2,C2,C2,C2,unanimous,D0,D0,D0,D0,D0,D0,D0,unanimous,R2,R1,R1,R0,R3,R3,,3way_split,R
1904,C1,C1,C1,C1,C1,C1,C1,unanimous,D0,D0,D2,D0,D2,D2,D2,majority,R1,R1,R2,R2,R3,R2,,3way_split,R
1911,C2,C3,C2,C2,C3,C2,C2,majority,D0,D0,D0,D0,D0,D0,D0,unanimous,R1,R3,R2,R2,R3,R1,,3way_split,R
1917-2,C1,C1,C1,C1,C1,C1,C1,unanimous,D2,D2,D2,D2,D2,D2,D2,unanimous,R1,R1,R0,R0,R3,R2,,3way_split,R
19302-1,C1,C1,C1,C1,C1,C1,C1,unanimous,D3,D3,D3,D2,D3,D3,D3,unanimous,R1,R2,R0,R0,R2,R0,,3way_split,R
19302-2,C1,C1,C1,C1,C1,C1,C1,unanimous,D3,D3,D3,D2,D3,D3,D3,unanimous,R1,R2,R0,R0,R2,R0,,3way_split,R
19348,C1,C1,C1,C1,C1,C1,C1,unanimous,D1,D3,D2,D2,D3,D1,,3way_split,R0,R1,R0,R0,R1,R0,R0,majority,D
1940,C1,C1,C1,C1,C1,C1,C1,unanimous,D2,D2,D2,D2,D2,D2,D2,unanimous,R2,R2,R0,R0,R3,R3,,3way_split,R
19403-1,C1,C1,C1,C2,C1,C1,C1,unanimous,D3,D3,D3,D3,D3,D3,D3,unanimous,R2,R2,R1,R1,R3,R3,,3way_split,R
19403-2,C1,C1,C1,C2,C1,C1,C1,unanimous,D3,D3,D3,D3,D3,D3,D3,unanimous,R2,R2,R1,R1,R3,R3,,3way_split,R
19596,C2,C2,C2,C2,C2,C2,C2,unanimous,D0,D0,D0,D0,D0,D0,D0,unanimous,R1,R0,R0,R0,R2,R2,,3way_split,R
19599,C3,C3,C3,C3,C3,C2,C3,unanimous,D0,D0,D0,D0,D0,D0,D0,unanimous,R0,R0,R2,R2,R1,R0,,3way_split,R
19612,C3,C3,C3,C3,C3,C3,C3,unanimous,D0,D0,D0,D0,D0,D0,D0,unanimous,R1,R2,R0,R0,R2,R2,,3way_split,R
19613,C2,C2,C2,C2,C2,C3,C2,unanimous,D0,D0,D0,D0,D0,D0,D0,unanimous,R1,R1,R0,R0,R2,R2,,3way_split,R
19614,C2,C3,C2,C2,C3,C3,C2,majority,D0,D0,D0,D0,D0,D0,D0,unanimous,R1,R2,R0,R0,R2,R2,,3way_split,R
19691,C1,C1,C1,C1,C1,C1,C1,unanimous,D2,D2,D2,D2,D2,D2,D2,unanimous,R2,R0,R1,R3,R3,R2,,3way_split,R
19920,C1,C1,C1,C1,C1,C1,C1,unanimous,D2,D3,D2,D2,D2,D2,D2,unanimous,R1,R1,R0,R0,R2,R2,,3way_split,R
19932,C1,C1,C1,C1,C1,C1,C1,unanimous,D3,D3,D3,D3,D3,D3,D3,unanimous,R1,R0,R2,R2,R0,R0,,3way_split,R
20071-2,C1,C2,C2,C2,C2,C1,C2,majority,D0,D0,D0,D0,D0,D0,D0,unanimous,R1,R1,R0,R0,R2,R2,,3way_split,R
20117-2,C1,C1,C2,C2,C1,C1,C1,majority,D0,D0,D1,D1,D0,D0,D0,majority,R0,R0,R1,R1,R2,R2,,3way_split,R
20170,C2,C2,C2,C2,C2,C3,C2,unanimous,D0,D0,D1,D1,D1,D0,D1,majority,R0,R1,R1,R0,R2,R2,,3way_split,R
20180-1,C2,C2,C2,C2,C2,C2,C2,unanimous,D0,D0,D1,D1,D1,D1,D1,majority,R0,R0,R1,R1,R2,R2,,3way_split,R
20404,C2,C2,C2,C1,C2,C2,C2,unanimous,D2,D0,D0,D0,D3,D2,,3way_split,R1,R1,R1,R0,R1,R1,R1,unanimous,D
20417,C2,C2,C2,C2,C2,C3,C2,unanimous,D0,D0,D0,D0,D0,D0,D0,unanimous,R0,R1,R1,R0,R2,R0,,3way_split,R
2045,C1,C1,,,C1,C1,C1,unanimous,D0,D1,D1,,D2,D0,,3way_split,R1,R1,,,R1,R1,R1,unanimous,D
20484,C2,C2,C2,C2,C2,C2,C2,unanimous,D1,D1,D1,D1,D1,D1,D1,unanimous,R1,R0,R0,R0,R2,R2,,3way_split,R
20485,C3,C3,C3,C2,C3,C3,C3,unanimous,D0,D0,D0,D0,D0,D0,D0,unanimous,R1,R0,R0,R0,R2,R2,,3way_split,R
20537,,,C1,C1,C1,C1,C1,unanimous,D1,,D2,D3,D3,D2,,3way_split,,,R0,R0,R0,R0,R0,unanimous,D
20586,C2,C2,C2,C2,C2,C3,C2,unanimous,D4,D4,D4,D4,D4,D4,D4,unanimous,R3,R3,R1,R1,R2,R2,,3way_split,R
20657,C0,C0,C0,C0,C0,C0,C0,unanimous,D1,D1,D2,D2,D3,D3,,3way_split,R0,R0,R0,R0,R0,R0,R0,unanimous,D
20673,C2,C2,C2,C2,C2,C2,C2,unanimous,D3,D3,D3,D3,D3,D3,D3,unanimous,R0,R1,R1,R0,R2,R2,,3way_split,R
21018,C1,C1,C1,C1,C1,C1,C1,unanimous,D1,D2,D2,D1,D3,D3,,3way_split,R2,R1,R1,R2,R2,R2,R2,majority,D
21020,C1,C1,C1,C1,C1,C1,C1,unanimous,D3,D3,D3,D3,D3,D3,D3,unanimous,R1,R0,R0,R2,R2,R2,,3way_split,R
21064-2,C2,C2,C2,C2,C2,C2,C2,unanimous,D0,D3,D1,D1,D3,D3,,3way_split,R2,R2,R2,R2,R2,R2,R2,unanimous,D
21122-1,C2,C2,C2,C2,C2,C2,C2,unanimous,D0,D1,D0,D0,D1,D0,D0,majority,R0,R1,R1,R0,R2,R2,,3way_split,R
21122-2,C2,C2,C2,C2,C2,C2,C2,unanimous,D0,D0,D0,D0,D0,D0,D0,unanimous,R0,R1,R1,R0,R2,R2,,3way_split,R
21132-2,C2,C2,C2,C2,C2,C2,C2,unanimous,D0,D0,D0,D0,D0,D0,D0,unanimous,R0,R2,R1,R0,R2,R2,,3way_split,R
21169-1,C2,C2,C2,C2,C2,C2,C2,unanimous,D1,D1,D1,D1,D1,D1,D1,unanimous,R2,R2,R3,R0,R1,R2,,3way_split,R
21169-3,C1,C1,C1,C1,C1,C2,C1,unanimous,D0,D0,D0,D0,D0,D0,D0,unanimous,R2,R2,R3,R1,R1,R2,,3way_split,R
21187-2,C2,C2,C2,C2,C2,C2,C2,unanimous,D1,D0,D2,D2,D3,D3,,3way_split,R1,R1,R2,R2,R2,R2,R2,majority,D
21199,C2,C2,C2,C2,C2,C2,C2,unanimous,D0,D0,D0,D0,D0,D0,D0,unanimous,R0,R0,R1,R0,R2,R2,,3way_split,R
21293-1,C3,C3,C2,C2,C3,C3,C3,majority,D3,D0,D0,D3,D3,D3,D3,majority,R1,R1,R0,R0,R3,R3,,3way_split,R
21293-2,C3,C3,C2,C2,C3,C3,C3,majority,D0,D0,D0,D1,D0,D0,D0,unanimous,R1,R1,R0,R0,R3,R3,,3way_split,R
21334,C2,C2,C2,C2,C2,C2,C2,unanimous,D1,D1,D1,D1,D1,D3,D1,unanimous,R1,R1,R0,R0,R2,R2,,3way_split,R
21385,C1,C1,C1,C1,C1,C2,C1,unanimous,D1,D3,D3,D0,D0,D1,,3way_split,R0,R0,R0,R0,R0,R0,R0,unanimous,D
21590,C2,C3,C2,C2,C3,C2,C2,majority,D0,D0,D0,D0,D0,D0,D0,unanimous,R1,R2,R0,R0,R2,R1,,3way_split,R
21593-1,C2,C3,C2,C2,C3,C2,C2,majority,D0,D0,D0,D0,D0,D0,D0,unanimous,R1,R2,R0,R0,R2,R1,,3way_split,R
21594-1,C2,C3,C2,C2,C3,C2,C2,majority,D0,D0,D0,D0,D0,D0,D0,unanimous,R1,R2,R0,R0,R2,R1,,3way_split,R
21856-1,C1,C1,C2,C2,C3,C3,,3way_split,D0,D0,D0,D0,D0,D0,D0,unanimous,R0,R0,R0,R0,R0,R1,R0,unanimous,C
21875,C1,C1,C1,C1,C1,C1,C1,unanimous,D2,D3,D1,D1,D3,D2,,3way_split,R1,R1,R1,R0,R2,R2,R1,majority,D
21883-2,C1,C1,C1,C2,C2,C3,C1,majority,D2,D2,D2,D2,D2,D3,D2,unanimous,R1,R1,R0,R0,R2,R2,,3way_split,R
21943-2,C2,C2,C2,C2,C2,C2,C2,unanimous,D1,D1,D1,D1,D1,D1,D1,unanimous,R2,R1,R1,R0,R0,R2,,3way_split,R
21943-3,C2,C2,C2,C2,C2,C2,C2,unanimous,D1,D1,D1,D0,D1,D1,D1,unanimous,R2,R1,R1,R0,R0,R2,,3way_split,R
21976,C1,C1,C1,C1,C1,C1,C1,unanimous,D3,D3,D2,D2,D3,D3,D3,majority,R0,R1,R1,R0,R2,R2,,3way_split,R
21977,C1,C1,C2,C2,C1,C1,C1,majority,D2,D2,D2,D2,D3,D3,D2,majority,R0,R1,R1,R0,R2,R2,,3way_split,R
21996,C2,C2,C2,C2,C2,C2,C2,unanimous,D0,D1,D1,D0,D1,D0,D1,majority,R0,R1,R1,R0,R2,R2,,3way_split,R
22045,C1,C1,C1,C1,C1,C1,C1,unanimous,D2,D2,D2,D2,D2,D2,D2,unanimous,R2,R1,R1,R0,R0,R2,,3way_split,R
22193,C2,C2,C3,C3,C1,C1,,3way_split,D2,D1,D2,D2,D2,D2,D2,unanimous,R3,R3,R3,R3,R3,R2,R3,unanimous,C
22241-1,C1,C1,C1,C1,C1,C1,C1,unanimous,D3,D3,D3,D3,D3,D3,D3,unanimous,R0,R0,R1,R2,R2,R2,,3way_split,R
22241-2,C1,C1,C1,C1,C1,C1,C1,unanimous,D3,D3,D3,D2,D3,D3,D3,unanimous,R0,R0,R1,R1,R2,R2,,3way_split,R
22245,C3,C3,C3,C3,C3,C3,C3,unanimous,D0,D0,D0,D0,D0,D0,D0,unanimous,R1,R0,R0,R1,R2,R2,,3way_split,R
22247,C3,C3,C3,C3,C3,C3,C3,unanimous,D0,D1,D0,D0,D1,D0,D0,majority,R1,R0,R0,R1,R2,R2,,3way_split,R
22250-1,C3,C3,C3,C3,C3,C3,C3,unanimous,D0,D0,D0,D0,D0,D0,D0,unanimous,R1,R0,R0,R1,R2,R2,,3way_split,R
22250-2,C3,C3,C2,C2,C3,C3,C3,majority,D0,D0,D0,D0,D0,D0,D0,unanimous,R1,R0,R0,R1,R2,R2,,3way_split,R
22256,C3,C3,C3,C3,C3,C3,C3,unanimous,D0,D0,D0,D0,D0,D0,D0,unanimous,R1,R0,R0,R1,R2,R2,,3way_split,R
22282,C3,C3,C2,C2,C3,C2,C3,majority,D1,D1,D1,D1,D1,D1,D1,unanimous,R1,R2,R0,R0,R3,R3,,3way_split,R
2231,C1,C1,C1,C1,C1,C1,C1,unanimous,D2,D2,D2,D2,D2,D3,D2,unanimous,R1,R1,R0,R0,R3,R3,,3way_split,R
22318,C1,C1,C1,C1,C1,C1,C1,unanimous,D1,D1,D1,D1,D1,D1,D1,unanimous,R2,R2,R1,R1,R3,R3,,3way_split,R
22319,C1,C1,C1,C1,C1,C1,C1,unanimous,D0,D0,D0,D0,D0,D0,D0,unanimous,R1,R2,R2,R0,R3,R3,,3way_split,R
22339-1,C1,C1,C1,C1,C1,C1,C1,unanimous,D1,D1,D2,D2,D3,D3,,3way_split,R0,R0,R0,R0,R2,R2,R0,majority,D
22342,C1,C1,C1,C1,C1,C1,C1,unanimous,D0,D1,D0,D0,D0,D0,D0,unanimous,R1,R1,R0,R0,R2,R3,,3way_split,R
22370-1,C1,C1,C1,C1,C1,C1,C1,unanimous,D1,D1,D2,D2,D3,D3,,3way_split,R2,R2,R2,R0,R2,R2,R2,unanimous,D
22416,C1,C2,C2,C1,C1,C1,C1,majority,D0,D2,D2,D0,D2,D0,D2,majority,R0,R1,R1,R0,R2,R2,,3way_split,R
22423-2,C2,C2,C2,C2,C2,C2,C2,unanimous,D0,D0,D0,D0,D1,D1,D0,majority,R1,R0,R0,R2,R2,R2,,3way_split,R
22426,C1,C1,C0,C0,C2,C2,,3way_split,D1,D1,D1,D0,D1,D1,D1,unanimous,R0,R0,R0,R0,R2,R2,R0,majority,C
22827,C2,C2,C2,C2,C3,C3,C2,majority,D2,D2,D3,D3,D4,D4,,3way_split,R3,R3,R3,R3,R3,R3,R3,unanimous,D
22844-2,C1,C1,C2,C2,C3,C2,,3way_split,D2,D2,D0,D0,D0,D0,D0,majority,R3,R3,R2,R2,R2,R3,R2,majority,C
22846-1,C1,C1,C1,C1,C1,C1,C1,unanimous,D2,D2,D1,D1,D3,D3,,3way_split,R2,R2,R2,R2,R3,R3,R2,majority,D
22846-2,C1,C1,C1,C1,C1,C1,C1,unanimous,D2,D2,D1,D1,D3,D3,,3way_split,R2,R2,R2,R2,R3,R3,R2,majority,D
22847-1,C1,C1,C1,C1,C1,C1,C1,unanimous,D1,D1,D0,D0,D2,D2,,3way_split,R2,R2,R2,R2,R3,R3,R2,majority,D
22871-1,C2,C2,C1,C1,C2,C3,C2,majority,D0,D1,D0,D0,D1,D0,D0,majority,R0,R0,R1,R1,R2,R2,,3way_split,R
2289-1,C1,C1,C1,C1,C1,C1,C1,unanimous,D3,D3,D2,D2,D3,D3,D3,majority,R0,R1,R1,R0,R2,R2,,3way_split,R
22916-2,C1,C1,C1,C1,C1,C1,C1,unanimous,D2,D2,D2,D2,D2,D2,D2,unanimous,R1,R1,R0,R0,R2,R2,,3way_split,R
22935-1,C3,C3,C3,C2,C3,C3,C3,unanimous,D1,D1,D1,D1,D1,D1,D1,unanimous,R0,R2,R1,R0,R2,R0,,3way_split,R
22935-2,C2,C2,C2,C2,C3,C3,C2,majority,D1,D1,D1,D1,D1,D1,D1,unanimous,R0,R1,R1,R0,R2,R0,,3way_split,R
22935-3,C3,C3,C3,C2,C3,C3,C3,unanimous,D1,D1,D1,D1,D1,D1,D1,unanimous,R0,R2,R1,R0,R2,R0,,3way_split,R
22939-2,C2,C2,C2,C2,C2,C2,C2,unanimous,D0,D0,D0,D0,D0,D0,D0,unanimous,R0,R1,R1,R0,R2,R0,,3way_split,R
22949-2,C2,C1,C2,C2,C2,C1,C2,unanimous,D2,D3,D1,D2,D3,D1,,3way_split,R1,R1,R1,R1,R3,R3,R1,majority,D
22963-1,C2,C3,C1,C1,C3,C3,,3way_split,D1,D1,D1,D1,D1,D1,D1,unanimous,R0,R2,R0,R0,R2,R2,R0,majority,C
22976-2,C1,C1,C1,C1,C1,C2,C1,unanimous,D0,D0,D0,D0,D1,D1,D0,majority,R0,R1,R1,R0,R2,R2,,3way_split,R
22984-2,C1,C2,C2,C1,C2,C2,C2,majority,D1,D1,D2,D2,D3,D3,,3way_split,R2,R2,R2,R2,R3,R3,R2,majority,D
23003-1,C2,C2,C2,C2,C2,C2,C2,unanimous,D0,D0,D0,D0,D0,D0,D0,unanimous,R2,R2,R1,R0,R3,R3,,3way_split,R
23016,C1,C1,C1,C1,C1,C1,C1,unanimous,D3,D3,D3,D3,D3,D3,D3,unanimous,R2,R2,R1,R1,R3,R3,,3way_split,R
23077-2,C1,C1,C1,C1,C1,C1,C1,unanimous,D0,D0,D0,D0,D0,D0,D0,unanimous,R1,R1,R0,R3,R3,R0,,3way_split,R
23094,C2,C2,C2,C2,C2,C2,C2,unanimous,D3,D3,D1,D1,D4,D4,,3way_split,R1,R1,R1,R1,R2,R2,R1,majority,D
23181,C1,C1,C1,C1,C1,C1,C1,unanimous,D0,D0,D0,D0,D0,D0,D0,unanimous,R1,R0,R2,R1,R3,R2,,3way_split,R
23188,C1,C1,C1,C1,C1,C1,C1,unanimous,D0,D0,D0,D0,D0,D0,D0,unanimous,R1,R0,R2,R2,R3,R3,,3way_split,R
23282,C1,C1,C1,C1,C1,C2,C1,unanimous,D0,D0,D0,D0,D0,D0,D0,unanimous,R0,R0,R1,R1,R2,R2,,3way_split,R
23292,C1,C1,C1,C2,C1,C1,C1,unanimous,D0,D0,D2,D0,D2,D2,D2,majority,R0,R0,R2,R2,R3,R2,,3way_split,R
23328,C1,C1,C1,C1,C1,C1,C1,unanimous,D0,D0,D0,D0,D0,D0,D0,unanimous,R1,R1,R0,R0,R2,R2,,3way_split,R
23330,C1,C1,C1,C1,C1,C1,C1,unanimous,D0,D0,D0,D0,D0,D0,D0,unanimous,R1,R1,R0,R0,R2,R2,,3way_split,R
23336-1,C1,C1,C1,C1,C1,C1,C1,unanimous,D0,D0,D0,D0,D0,D0,D0,unanimous,R1,R1,R0,R0,R2,R2,,3way_split,R
23380,C2,C2,C2,C2,C2,C2,C2,unanimous,D1,D1,D1,D1,D1,D1,D1,unanimous,R1,R0,R3,R3,R0,R1,,3way_split,R
23416,C1,C1,C1,C1,C1,C1,C1,unanimous,D3,D3,D3,D3,D3,D3,D3,unanimous,R1,R0,R0,R0,R2,R2,,3way_split,R
23459-1,C1,C1,C1,C1,C1,C1,C1,unanimous,D3,D3,D3,D3,D3,D2,D3,unanimous,R2,R3,R0,R3,R3,R0,,3way_split,R
23471,C2,C2,C2,C2,C2,C2,C2,unanimous,D1,D1,D1,D1,D1,D0,D1,unanimous,R1,R2,R2,R0,R3,R0,,3way_split,R
23481,C1,C1,C1,C1,C1,C1,C1,unanimous,D3,D3,D3,D3,D3,D3,D3,unanimous,R1,R3,R0,R3,R3,R0,,3way_split,R
23514-1,C2,C1,C2,C2,C2,C2,C2,unanimous,D1,D1,D0,D0,D3,D3,,3way_split,R0,R1,R0,R0,R3,R3,R0,majority,D
23514-2,C2,C1,C2,C2,C2,C2,C2,unanimous,D2,D2,D0,D0,D3,D3,,3way_split,R0,R1,R0,R0,R3,R3,R0,majority,D
23519,C1,C1,C1,C1,C1,C1,C1,unanimous,D1,D2,D1,D1,D3,D3,D1,majority,R2,R2,R0,R0,R3,R3,,3way_split,R
2352,C2,C2,C2,C2,C2,C1,C2,unanimous,D1,D1,D0,D0,D3,D0,,3way_split,R0,R0,R0,R0,R0,R0,R0,unanimous,D
23521,C1,C1,C1,C1,C1,C1,C1,unanimous,D2,D2,D2,D2,D3,D3,D2,majority,R1,R1,R0,R0,R3,R3,,3way_split,R
23528,C2,C2,C2,C2,C2,C2,C2,unanimous,D3,D3,D3,D2,D3,D3,D3,unanimous,R1,R1,R0,R0,R2,R2,,3way_split,R
23530,C1,C1,C1,C1,C1,C1,C1,unanimous,D3,D3,D2,D2,D3,D3,D3,majority,R1,R2,R0,R0,R2,R0,,3way_split,R
23532-1,C1,C2,C1,C1,C2,C1,C1,majority,D3,D3,D3,D3,D3,D3,D3,unanimous,R1,R2,R0,R0,R2,R2,,3way_split,R
23532-3,C1,C2,C1,C1,C2,C1,C1,majority,D3,D3,D3,D3,D3,D3,D3,unanimous,R1,R2,R0,R0,R2,R2,,3way_split,R
23537,C1,C1,C1,C1,C1,C1,C1,unanimous,D3,D3,D2,D2,D3,D3,D3,majority,R1,R2,R0,R0,R2,R0,,3way_split,R
23539-1,C1,C1,C1,C2,C1,C1,C1,unanimous,D3,D3,D3,D3,D3,D3,D3,unanimous,R1,R1,R0,R0,R2,R2,,3way_split,R
23539-3,C1,C2,C2,C2,C2,C1,C2,majority,D3,D3,D3,D3,D3,D3,D3,unanimous,R1,R1,R0,R0,R2,R2,,3way_split,R
23543-1,C1,C1,C1,C1,C1,C1,C1,unanimous,D3,D3,D3,D3,D3,D3,D3,unanimous,R1,R1,R0,R0,R2,R2,,3way_split,R
23543-2,C1,C2,C1,C1,C2,C1,C1,majority,D3,D3,D3,D3,D3,D3,D3,unanimous,R1,R1,R0,R0,R2,R2,,3way_split,R
23544-1,C1,C1,C2,C2,C1,C1,C1,majority,D3,D3,D3,D3,D3,D3,D3,unanimous,R1,R1,R0,R0,R2,R2,,3way_split,R
23545,C1,C1,C2,C2,C1,C1,C1,majority,D3,D3,D3,D2,D3,D3,D3,unanimous,R1,R2,R0,R0,R2,R0,,3way_split,R
23547,C1,C2,C2,C2,C2,C1,C2,majority,D3,D3,D2,D2,D3,D3,D3,majority,R1,R1,R0,R0,R2,R2,,3way_split,R
23550-1,C1,C1,C1,C2,C1,C1,C1,unanimous,D3,D3,D3,D3,D3,D3,D3,unanimous,R1,R1,R0,R0,R2,R2,,3way_split,R
23550-2,C2,C2,C2,C2,C2,C1,C2,unanimous,D3,D3,D3,D3,D3,D3,D3,unanimous,R1,R1,R0,R0,R2,R2,,3way_split,R
23565,C1,C1,C1,C1,C1,C1,C1,unanimous,D3,D3,D2,D2,D3,D3,D3,majority,R1,R1,R0,R0,R2,R2,,3way_split,R
23819,C1,C1,C1,C1,C1,C1,C1,unanimous,D0,D0,D0,D0,D0,D0,D0,unanimous,R0,R2,R2,R0,R3,R3,,3way_split,R
23944,C1,C1,C1,C1,C1,C1,C1,unanimous,D2,D3,D1,D1,D3,D2,,3way_split,R0,R1,R0,R0,R1,R0,R0,majority,D
2395-2,C2,C2,C2,C2,C2,C2,C2,unanimous,D1,D1,D2,D2,D3,D3,,3way_split,R0,R0,R0,R0,R0,R0,R0,unanimous,D
2461,C1,C1,C1,C1,C1,C1,C1,unanimous,D0,D0,D0,D0,D0,D0,D0,unanimous,R1,R1,R0,R0,R2,R2,,3way_split,R
2707,C2,C2,C2,C2,C2,C2,C2,unanimous,D0,D0,D0,D0,D0,D0,D0,unanimous,R2,R1,R1,R2,R3,R3,,3way_split,R
341,C2,C2,C2,C1,C2,C2,C2,unanimous,D0,D0,D1,D1,D3,D3,,3way_split,R1,R1,R1,R1,R1,R1,R1,unanimous,D
3410,C1,C1,C1,C1,C1,C2,C1,unanimous,D0,D0,D0,D0,D0,D0,D0,unanimous,R2,R1,R1,R3,R3,R3,,3way_split,R
3423,C3,C3,C3,C3,C3,C2,C3,unanimous,D0,D0,D0,D0,D0,D0,D0,unanimous,R1,R2,R0,R0,R2,R1,,3way_split,R
3553,C2,C3,C2,C2,C3,C2,C2,majority,D0,D0,D0,D0,D0,D0,D0,unanimous,R0,R1,R1,R0,R2,R2,,3way_split,R
3555,C2,C2,C2,C2,C2,C2,C2,unanimous,D1,D1,D1,D1,D1,D1,D1,unanimous,R0,R1,R1,R0,R2,R2,,3way_split,R
3559,C3,C3,C3,C3,C3,C3,C3,unanimous,D0,D0,D0,D0,D0,D0,D0,unanimous,R0,R1,R1,R0,R2,R2,,3way_split,R
3560,C2,C2,C3,C3,C2,C2,C2,majority,D0,D0,D0,D0,D0,D0,D0,unanimous,R0,R1,R1,R0,R2,R2,,3way_split,R
3563,C3,C3,C3,C2,C3,C3,C3,unanimous,D0,D0,D0,D0,D0,D0,D0,unanimous,R1,R1,R0,R0,R2,R2,,3way_split,R
3651,C3,C3,C3,C3,C3,C3,C3,unanimous,D0,D0,D2,D0,D2,D2,D2,majority,R1,R1,R0,R0,R2,R2,,3way_split,R
3738,,,C1,C1,C1,C1,C1,unanimous,,,D1,D1,D1,D1,D1,unanimous,R0,,R1,R1,R2,R0,,3way_split,R
3783-1,C3,C3,C3,C3,C3,C3,C3,unanimous,D0,D0,D0,D0,D0,D0,D0,unanimous,R2,R2,R3,R3,R0,R0,,3way_split,R
3783-2,C3,C3,C3,C3,C3,C3,C3,unanimous,D0,D0,D0,D0,D0,D0,D0,unanimous,R2,R2,R3,R3,R0,R0,,3way_split,R
3813-2,C2,C2,C1,C1,C3,C3,,3way_split,D0,D0,D0,D0,D0,D0,D0,unanimous,R0,R0,R0,R0,R0,R0,R0,unanimous,C
3819,C1,C2,C2,C1,C2,C2,C2,majority,D0,D0,D0,D0,D0,D0,D0,unanimous,R0,R1,R1,R0,R2,R2,,3way_split,R
392,C2,C3,C3,C2,C3,C3,C3,majority,D1,D1,D0,D0,D3,D3,,3way_split,R2,R2,R3,R3,R2,R2,R2,majority,D
4137-1,C1,C1,C1,C1,C1,C2,C1,unanimous,D2,D2,D2,D2,D2,D2,D2,unanimous,R1,R2,R0,R0,R2,R1,,3way_split,R
4137-2,C1,C1,C1,C1,C1,C1,C1,unanimous,D2,D2,D2,D2,D2,D2,D2,unanimous,R1,R2,R0,R0,R2,R1,,3way_split,R
4137-3,C1,C1,C2,C1,C1,C2,C1,majority,D2,D2,D2,D2,D2,D2,D2,unanimous,R1,R2,R0,R0,R2,R1,,3way_split,R
4214,C2,C2,C2,C1,C2,C2,C2,unanimous,D3,D3,D2,D2,D3,D3,D3,majority,R1,R1,R0,R0,R2,R2,,3way_split,R
4254-3,C1,C1,C1,C1,C1,C1,C1,unanimous,D0,D0,D0,D0,D0,D0,D0,unanimous,R1,R1,R0,R0,R2,R2,,3way_split,R
4255,C0,C0,C1,C0,C2,C2,,3way_split,D1,D1,D1,D1,D0,D0,D1,majority,R0,R1,R1,R0,R0,R0,R0,majority,C
4275-2,C0,C1,C1,C0,C2,C2,,3way_split,D1,D1,D1,D1,D1,D3,D1,unanimous,R1,R1,R0,R0,R1,R1,R1,majority,C
438-2,C1,C1,C1,C1,C1,C1,C1,unanimous,D0,D0,D0,D0,D0,D0,D0,unanimous,R1,R1,R0,R0,R2,R2,,3way_split,R
4465,C1,C1,C1,C1,C1,C1,C1,unanimous,D1,D2,D2,D1,D0,D0,,3way_split,R0,R0,R0,R0,R0,R0,R0,unanimous,D
4496,C2,C2,C2,C2,C2,C2,C2,unanimous,D0,D0,D0,D0,D0,D0,D0,unanimous,R2,R3,R1,R1,R3,R2,,3way_split,R
4661,C1,C1,C1,C2,C1,C1,C1,unanimous,D0,D0,D0,D0,D0,D0,D0,unanimous,R2,R1,R1,R2,R3,R3,,3way_split,R
4670,C1,C1,C1,C1,C1,C1,C1,unanimous,D2,D2,D2,D2,D2,D2,D2,unanimous,R0,R0,R1,R1,R2,R2,,3way_split,R
4671,C0,C0,C1,C1,C1,C1,C1,majority,D2,D2,D2,D2,D2,D2,D2,unanimous,R0,R0,R1,R1,R2,R2,,3way_split,R
4861-1,C1,C1,C1,C1,C1,C1,C1,unanimous,D3,D3,D3,D3,D3,D3,D3,unanimous,R1,R0,R2,R2,R0,R3,,3way_split,R
4862,C1,C1,C1,C1,C1,C1,C1,unanimous,D3,D3,D3,D3,D3,D3,D3,unanimous,R1,R0,R3,R2,R0,R3,,3way_split,R
4876-1,C1,C1,C2,C2,C2,C1,C2,majority,D3,D1,D3,D3,D1,D1,D3,majority,R0,R0,R1,R1,R2,R2,,3way_split,R
508-1,C0,C0,C1,C1,C1,C1,C1,majority,D0,D0,D3,D3,D0,D0,D0,majority,R1,R1,R3,R3,R2,R0,,3way_split,R
509-1,C2,C2,C1,C1,C2,C1,C2,majority,D0,D0,D0,D0,D0,D0,D0,unanimous,R1,R2,R0,R0,R2,R0,,3way_split,R
5115,C0,C0,C0,C0,C0,C0,C0,unanimous,D1,D2,D0,D0,D2,D0,,3way_split,R0,R0,R0,R0,R0,R0,R0,unanimous,D
512,C1,C1,C1,C1,C1,C0,C1,unanimous,D3,D3,D3,D3,D3,D3,D3,unanimous,R1,R2,R0,R0,R2,R0,,3way_split,R
5170-2,C1,C1,C2,C2,C2,C1,C2,majority,D3,D3,D3,D3,D3,D3,D3,unanimous,R1,R2,R0,R0,R2,R2,,3way_split,R
5229-1,C2,C2,C2,C2,C2,C2,C2,unanimous,D0,D0,D0,D0,D0,D0,D0,unanimous,R1,R0,R0,R1,R2,R2,,3way_split,R
5229-2,C2,C2,C2,C2,C2,C2,C2,unanimous,D0,D0,D0,D0,D0,D0,D0,unanimous,R1,R0,R0,R0,R2,R2,,3way_split,R
5415,C3,C3,C3,C3,C3,C3,C3,unanimous,D3,D0,D2,D3,D0,D0,,3way_split,R0,R0,R0,R0,R0,R0,R0,unanimous,D
571,C1,C1,C1,C1,C1,C1,C1,unanimous,D0,D0,D2,D2,D3,D3,,3way_split,R2,R1,R2,R2,R3,R3,R2,majority,D
5749,C3,C3,C3,C3,C3,C3,C3,unanimous,D0,D0,D0,D0,D0,D0,D0,unanimous,R1,R1,R0,R0,R2,R2,,3way_split,R
5786-2,C2,C2,C2,C2,C2,C3,C2,unanimous,D0,D0,D0,D0,D0,D0,D0,unanimous,R1,R0,R0,R0,R2,R2,,3way_split,R
580,C1,C1,C1,C1,C1,C1,C1,unanimous,D0,D0,D1,D1,D2,D2,,3way_split,R0,R0,R0,R0,R0,R0,R0,unanimous,D
5817,C3,C3,C3,C3,C3,C2,C3,unanimous,D0,D0,D0,D0,D0,D0,D0,unanimous,R1,R0,R0,R1,R2,R0,,3way_split,R
5861,C2,C2,C3,C3,C3,C2,C3,majority,D0,D0,D0,D0,D0,D0,D0,unanimous,R1,R1,R0,R0,R2,R2,,3way_split,R
5865,C3,C3,C3,C3,C3,C3,C3,unanimous,D0,D0,D0,D0,D0,D0,D0,unanimous,R1,R1,R0,R0,R2,R2,,3way_split,R
5869,C2,C2,C2,C2,C2,C2,C2,unanimous,D2,D2,D3,D3,D1,D1,,3way_split,R2,R2,R2,R1,R2,R2,R2,unanimous,D
5908,C2,C2,C2,C3,C2,C2,C2,unanimous,D0,D0,D0,D0,D0,D1,D0,unanimous,R1,R1,R0,R0,R2,R2,,3way_split,R
5910,C3,C3,C3,C3,C3,C3,C3,unanimous,D0,D0,D0,D0,D0,D0,D0,unanimous,R1,R1,R0,R0,R2,R2,,3way_split,R
5997,C2,C2,C2,C2,C2,C2,C2,unanimous,D0,D1,D1,D1,D1,D0,D1,majority,R0,R0,R1,R1,R2,R2,,3way_split,R
60-1,C2,C2,C2,C2,C2,C1,C2,unanimous,D1,D1,D1,D1,D1,D1,D1,unanimous,R1,R0,R0,R1,R2,R2,,3way_split,R
6168,C2,C2,C2,C3,C2,C2,C2,unanimous,D0,D0,D1,D1,D0,D0,D0,majority,R0,R0,R2,R0,R1,R2,,3way_split,R
6315-2,C2,C2,C2,C2,C2,C2,C2,unanimous,D0,D0,D0,D0,D0,D0,D0,unanimous,R1,R0,R0,R2,R2,R0,,3way_split,R
641-2,C1,C1,C1,C1,C1,C1,C1,unanimous,D2,D2,D2,D2,D3,D3,D2,majority,R1,R2,R0,R0,R3,R1,,3way_split,R
6419,C2,C2,C2,C2,C2,C2,C2,unanimous,D0,D0,D0,D0,D1,D1,D0,majority,R0,R1,R1,R0,R2,R2,,3way_split,R
6475,C1,C1,C1,C1,C1,C1,C1,unanimous,D2,D2,D1,D1,D3,D3,,3way_split,R1,R1,R1,R2,R1,R1,R1,unanimous,D
6480,C1,C1,C1,C2,C1,C1,C1,unanimous,D2,D2,D1,D1,D3,D3,,3way_split,R1,R1,R1,R2,R1,R0,R1,unanimous,D
6481-1,C2,C2,C2,C2,C2,C2,C2,unanimous,D2,D2,D2,D2,D3,D3,D2,majority,R0,R0,R1,R1,R2,R2,,3way_split,R
6489,C2,C2,C2,C2,C2,C3,C2,unanimous,D0,D0,D0,D0,D0,D0,D0,unanimous,R0,R0,R1,R1,R2,R2,,3way_split,R
651-1,C2,C2,C2,C2,C2,C2,C2,unanimous,D1,D1,D1,D0,D1,D1,D1,unanimous,R1,R1,R0,R0,R2,R2,,3way_split,R
651-2,C2,C2,C2,C2,C2,C2,C2,unanimous,D1,D1,D1,D0,D1,D1,D1,unanimous,R1,R1,R0,R0,R2,R2,,3way_split,R
656,C2,C2,C1,C1,C2,C1,C2,majority,D3,D3,D2,D2,D3,D3,D3,majority,R1,R3,R0,R0,R3,R1,,3way_split,R
6577,C2,C2,C2,C2,C2,C2,C2,unanimous,D0,D0,D0,D0,D0,D0,D0,unanimous,R1,R1,R0,R0,R2,R2,,3way_split,R
6578,C2,C2,C2,C2,C2,C2,C2,unanimous,D0,D0,D0,D0,D0,D0,D0,unanimous,R1,R1,R0,R0,R2,R2,,3way_split,R
6589,C2,C2,C2,C2,C2,C2,C2,unanimous,D0,D0,D0,D0,D1,D1,D0,majority,R1,R1,R0,R0,R2,R2,,3way_split,R
6591-1,C2,C2,C2,C1,C2,C2,C2,unanimous,D0,D0,D0,D0,D0,D0,D0,unanimous,R1,R1,R0,R0,R2,R2,,3way_split,R
6756-2,C2,C2,C2,C2,C2,C1,C2,unanimous,D0,D0,D0,D0,D0,D0,D0,unanimous,R2,R2,R0,R0,R1,R1,,3way_split,R
6761,C2,C2,C2,C2,C2,C2,C2,unanimous,D0,D0,D0,D0,D0,D0,D0,unanimous,R2,R2,R0,R0,R1,R2,,3way_split,R
6767,C2,C2,C2,C2,C2,C2,C2,unanimous,D0,D0,D0,D0,D0,D0,D0,unanimous,R2,R2,R0,R0,R1,R1,,3way_split,R
6853,C0,C0,C1,C1,C2,C2,,3way_split,D0,D1,D0,D0,D0,D0,D0,unanimous,R0,R0,R0,R0,R0,R0,R0,unanimous,C
6898,C2,C2,C2,C2,C2,C2,C2,unanimous,D0,D2,D2,D0,D1,D0,,3way_split,R0,R0,R0,R0,R0,R0,R0,unanimous,D
6932,C1,C2,C2,C1,C3,C3,,3way_split,D3,D4,D3,D3,D3,D3,D3,unanimous,R3,R3,R3,R3,R3,R3,R3,unanimous,C
7002,C1,C1,C1,C1,C1,C1,C1,unanimous,D3,D2,D2,D2,D3,D3,D3,majority,R1,R2,R2,R0,R3,R2,,3way_split,R
7087,C1,C1,C1,C1,C1,C1,C1,unanimous,D3,D3,D3,D3,D3,D3,D3,unanimous,R1,R1,R0,R0,R2,R2,,3way_split,R
7186-1,C2,C2,C2,C2,C2,C2,C2,unanimous,D1,D1,D1,D1,D1,D1,D1,unanimous,R1,R0,R0,R1,R2,R2,,3way_split,R
7186-2,C2,C2,C2,C2,C2,C2,C2,unanimous,D1,D1,D1,D1,D1,D1,D1,unanimous,R1,R0,R0,R1,R2,R2,,3way_split,R
7213-1,C3,C3,C2,C2,C3,C2,C3,majority,D3,D1,D1,D3,D3,D3,D3,majority,R2,R1,R1,R3,R3,R2,,3way_split,R
726,C1,C1,C1,C1,C1,C1,C1,unanimous,D0,D0,D0,D0,D0,D0,D0,unanimous,R1,R2,R0,R0,R2,R1,,3way_split,R
7262,C1,C1,C1,C1,C1,C1,C1,unanimous,D1,D1,D2,D2,D1,D1,D1,majority,R1,R1,R0,R0,R2,R2,,3way_split,R
7266,C2,C2,C2,C2,C3,C3,C2,majority,D0,D0,D1,D3,D0,D0,D0,majority,R1,R1,R0,R0,R2,R2,,3way_split,R
7272-1,C2,C2,C2,C2,C2,C2,C2,unanimous,D0,D0,D0,D0,D0,D0,D0,unanimous,R1,R1,R0,R0,R2,R2,,3way_split,R
7325-1,C1,C1,C1,C1,C1,C1,C1,unanimous,D2,D2,D2,D2,D2,D1,D2,unanimous,R1,R1,R2,R2,R0,R0,,3way_split,R
7325-2,C1,C1,C1,C1,C1,C1,C1,unanimous,D2,D2,D2,D2,D2,D1,D2,unanimous,R1,R1,R2,R2,R0,R0,,3way_split,R
7403,C3,C3,C1,C1,C2,C1,,3way_split,D0,D0,D0,D0,D0,D0,D0,unanimous,R0,R0,R0,R0,R0,R0,R0,unanimous,C
7507-1,C2,C2,C2,C2,C2,C3,C2,unanimous,D0,D1,D1,D3,D3,D0,,3way_split,R0,R0,R0,R0,R0,R0,R0,unanimous,D
7511,C4,C4,C4,C3,C4,C4,C4,unanimous,D1,D1,D3,D3,D0,D0,,3way_split,R0,R0,R0,R0,R0,R0,R0,unanimous,D
7571-1,C3,C3,C2,C2,C2,C2,C2,majority,D0,D0,D0,D0,D0,D0,D0,unanimous,R2,R2,R1,R0,R0,R1,,3way_split,R
7765-2,C2,C2,C2,C2,C2,C2,C2,unanimous,D0,D0,D0,D0,D0,D0,D0,unanimous,R0,R1,R1,R0,R2,R2,,3way_split,R
7827-2,C2,C2,C2,C2,C2,C2,C2,unanimous,D0,D0,D0,D0,D1,D1,D0,majority,R1,R2,R0,R0,R2,R2,,3way_split,R
7831-1,C2,C3,C2,C2,C3,C3,C2,majority,D0,D0,D0,D0,D0,D0,D0,unanimous,R1,R2,R0,R0,R2,R2,,3way_split,R
7831-2,C2,C2,C2,C2,C2,C2,C2,unanimous,D0,D0,D0,D0,D1,D1,D0,majority,R1,R2,R0,R0,R2,R2,,3way_split,R
7923,C3,C3,C3,C2,C3,C3,C3,unanimous,D0,D0,D0,D0,D0,D0,D0,unanimous,R1,R1,R0,R0,R2,R2,,3way_split,R
8195,C0,C0,C0,C0,C0,C0,C0,unanimous,D0,D1,D1,D0,D2,D2,,3way_split,R0,R0,R0,R0,R0,R0,R0,unanimous,D
8290-1,C2,C2,C2,C2,C2,C2,C2,unanimous,D1,D0,D0,D3,D3,D0,,3way_split,R0,R0,R0,R0,R0,R0,R0,unanimous,D
8324,C1,C1,C1,C1,C1,C1,C1,unanimous,D3,D3,D3,D3,D3,D3,D3,unanimous,R0,R0,R1,R0,R2,R2,,3way_split,R
8507-3,C3,C3,C2,C2,C3,C3,C3,majority,D0,D1,D0,D0,D0,D2,D0,unanimous,R3,R3,R2,R0,R1,R3,,3way_split,R
8602-2,C1,C1,C1,C1,C1,C1,C1,unanimous,D3,D3,D2,D2,D3,D3,D3,majority,R1,R1,R0,R0,R2,R2,,3way_split,R
8620,C1,C1,C1,C1,C1,C1,C1,unanimous,D1,D3,D3,D2,D2,D1,,3way_split,R0,R0,R0,R0,R0,R0,R0,unanimous,D
8632,C2,C2,C2,C2,C2,C2,C2,unanimous,D0,D0,D0,D0,D0,D0,D0,unanimous,R0,R0,R1,R1,R2,R2,,3way_split,R
8648,C2,C2,C2,C2,C2,C1,C2,unanimous,D1,D1,D1,D1,D1,D1,D1,unanimous,R0,R0,R1,R1,R2,R2,,3way_split,R
8656,C1,C1,C1,C1,C1,C1,C1,unanimous,D0,D0,D0,D0,D0,D0,D0,unanimous,R2,R1,R0,R0,R3,R3,,3way_split,R
8663,C1,C1,C1,C1,C1,C1,C1,unanimous,D0,D0,D2,D2,D2,D2,D2,majority,R1,R0,R0,R1,R2,R2,,3way_split,R
8691,C2,C2,C2,C2,C2,C3,C2,unanimous,D1,D1,D1,D0,D1,D1,D1,unanimous,R0,R1,R1,R0,R2,R2,,3way_split,R
8990-2,C3,C3,C3,C3,C3,C3,C3,unanimous,D2,D1,D2,D0,D3,D3,D2,majority,R1,R1,R0,R0,R2,R2,,3way_split,R
9117-1,C3,C3,C3,C3,C3,C3,C3,unanimous,D1,D0,D3,D3,D0,D0,,3way_split,R1,R1,R1,R1,R2,R2,R1,majority,D
9120,C2,C2,C2,C2,C2,C2,C2,unanimous,D1,D1,D1,D3,D1,D1,D1,unanimous,R0,R0,R1,R1,R2,R2,,3way_split,R
9121,C2,C2,C2,C2,C2,C1,C2,unanimous,D0,D0,D0,D3,D0,D1,D0,unanimous,R0,R0,R1,R1,R2,R2,,3way_split,R
927,C1,C1,C1,C1,C1,C1,C1,unanimous,D1,D1,D1,D1,D1,D1,D1,unanimous,R2,R3,R1,R0,R3,R2,,3way_split,R
9440-1,C1,C1,C1,C1,C1,C1,C1,unanimous,D4,D4,D4,D4,D4,D4,D4,unanimous,R0,R0,R1,R1,R2,R2,,3way_split,R
9551,C1,C0,C2,C2,C0,C0,,3way_split,D3,D3,D3,D3,D3,D3,D3,unanimous,R0,R0,R0,R0,R0,R0,R0,unanimous,C
9643,C2,C2,C2,C2,C2,C2,C2,unanimous,D0,D2,D2,D2,D1,D0,,3way_split,R1,R1,R1,R1,R1,R1,R1,unanimous,D
9659,C2,C2,C1,C1,C2,C1,C2,majority,D2,D2,D2,D2,D2,D2,D2,unanimous,R2,R2,R1,R1,R3,R3,,3way_split,R
9802-1,C1,C1,C1,C1,C1,C1,C1,unanimous,D1,D1,D2,D3,D3,D2,,3way_split,R0,R0,R1,R0,R0,R2,R0,majority,D
9853,C2,C1,C2,C2,C2,C2,C2,unanimous,D1,D1,D1,D1,D1,D1,D1,unanimous,R1,R0,R0,R2,R2,R3,,3way_split,R
9864-1,C1,C1,C1,C1,C1,C1,C1,unanimous,D3,D3,D3,D3,D3,D3,D3,unanimous,R1,R0,R0,R2,R2,R0,,3way_split,R
9864-2,C1,C1,C1,C1,C1,C1,C1,unanimous,D3,D3,D3,D3,D3,D3,D3,unanimous,R1,R0,R0,R2,R2,R0,,3way_split,R
9915,C0,C0,C0,C1,C0,C0,C0,unanimous,D1,D1,D1,D1,D1,D1,D1,unanimous,R2,R2,R1,R2,R0,R0,,3way_split,R
9923,C1,C1,C1,C1,C0,C0,C1,majority,D1,D2,D2,D0,D0,D0,,3way_split,R1,R1,R1,R0,R0,R0,R1,majority,D
9965-3,C1,C1,C1,C1,C1,C1,C1,unanimous,D3,D3,D3,D2,D3,D3,D3,unanimous,R0,R3,R1,R0,R3,R2,,3way_split,R
9995,C1,C1,C1,C1,C1,C1,C1,unanimous,D2,D2,D2,D2,D2,D2,D2,unanimous,R0,R1,R1,R0,R2,R2,,3way_split,R
